sequenceID	Genotype
AF052437	WestAfrica
AF052438	WestAfrica
AF052439	WestAfrica
AF052444	WestAfrica
AF052445	WestAfrica
AF052446	WestAfrica
CS805341	WestAfrica
DQ100292	WestAfrica
DQ118157	WestAfrica
FJ654700	WestAfrica
FU267585	WestAfrica
FV537409	-
FV537410	-
FV537411	-
FV537412	-
GQ379162	WestAfrica
GQ379163	WestAfrica
HM582851	SouthAmerica1
JA784072	WestAfrica
JA784073	WestAfrica
JA784080	WestAfrica
JA784081	WestAfrica
JA784082	WestAfrica
JA784083	WestAfrica
JA784086	WestAfrica
JB319320	WestAfrica
JB319321	WestAfrica
JB319328	WestAfrica
JB319329	WestAfrica
JB319330	WestAfrica
JB319331	WestAfrica
JB319334	WestAfrica
JN628279	WestAfrica
JN628280	WestAfrica
JN628281	WestAfrica
JN811140	WestAfrica
JN811141	WestAfrica
JN811142	WestAfrica
JN811143	WestAfrica
JX503529	WestAfrica
JX898879	WestAfrica
JX898881	WestAfrica
JX949181	WestAfrica
KF769015	WestAfrica
KF769016	WestAfrica
KF907504	SouthAmerica2
KM388814	SouthAmerica1
KM388815	SouthAmerica1
KM388816	SouthAmerica1
KM388817	SouthAmerica1
KM388818	SouthAmerica1
KU921608	EastAfrica
KU949599	EastAfrica
KU978763	WestAfrica
KU978764	WestAfrica
KU978765	WestAfrica
KX010994	EastAfrica
KX010995	EastAfrica
KX010996	EastAfrica
KX027336	EastAfrica
KX268355	EastAfrica
KX982182	EastAfrica
KY495641	EastAfrica
KY587416	EastAfrica
KY873606	EastAfrica
KY873607	EastAfrica
KY873608	EastAfrica
LP837229	WestAfrica
LP837643	WestAfrica
LP981866	WestAfrica
LQ460610	WestAfrica
LQ564352	WestAfrica
LY683279	WestAfrica
LY683293	WestAfrica
LY720078	WestAfrica
MA388208	WestAfrica
MF004382	SouthAmerica2
MF004383	EastAfrica
MF170968	SouthAmerica1
MF170969	SouthAmerica1
MF170970	SouthAmerica1
MF170971	SouthAmerica1
MF170972	SouthAmerica1
MF170973	SouthAmerica1
MF170974	SouthAmerica1
MF170975	SouthAmerica1
MF170976	SouthAmerica1
MF170977	SouthAmerica1
MF170978	SouthAmerica1
MF170979	SouthAmerica1
MF170980	SouthAmerica1
MF170981	SouthAmerica1
MF185660	SouthAmerica1
MF185661	SouthAmerica1
MF289572	WestAfrica
MF347613	SouthAmerica1
MF370530	SouthAmerica1
MF370533	SouthAmerica1
MF370535	SouthAmerica1
MF370542	SouthAmerica1
MF370547	SouthAmerica1
MF370549	SouthAmerica1
MF405338	WestAfrica
MF465805	SouthAmerica1
MF926243	WestAfrica
MG051217	WestAfrica
MG051218	WestAfrica
MG589641	EastAfrica
MG922934	WestAfrica
MH018064	SouthAmerica1
MH018065	SouthAmerica1
MH018066	SouthAmerica1
MH018067	SouthAmerica1
MH018068	SouthAmerica1
MH018069	SouthAmerica1
MH018070	SouthAmerica1
MH018071	SouthAmerica1
MH018072	SouthAmerica1
MH018073	SouthAmerica1
MH018074	SouthAmerica1
MH018075	SouthAmerica1
MH018076	SouthAmerica1
MH018077	SouthAmerica1
MH018078	SouthAmerica1
MH018079	SouthAmerica1
MH018080	SouthAmerica1
MH018081	SouthAmerica1
MH018082	SouthAmerica1
MH018083	SouthAmerica1
MH018084	SouthAmerica1
MH018085	SouthAmerica1
MH018086	SouthAmerica1
MH018087	SouthAmerica1
MH018088	SouthAmerica1
MH018089	SouthAmerica1
MH018090	SouthAmerica1
MH018091	SouthAmerica1
MH018092	SouthAmerica1
MH018093	SouthAmerica1
MH018094	SouthAmerica1
MH018095	SouthAmerica1
MH018096	SouthAmerica1
MH018097	SouthAmerica1
MH018098	SouthAmerica1
MH018099	SouthAmerica1
MH018100	SouthAmerica1
MH018101	SouthAmerica1
MH018102	SouthAmerica1
MH018103	SouthAmerica1
MH018104	SouthAmerica1
MH018105	SouthAmerica1
MH018106	SouthAmerica1
MH018107	SouthAmerica1
MH018108	SouthAmerica1
MH018109	SouthAmerica1
MH018110	SouthAmerica1
MH018111	SouthAmerica1
MH018112	SouthAmerica1
MH018113	SouthAmerica1
MH018114	SouthAmerica1
MH018115	SouthAmerica1
MH030049	SouthAmerica1
MH030050	SouthAmerica1
MH030051	SouthAmerica1
MH030052	SouthAmerica1
MH030053	SouthAmerica1
MH030054	SouthAmerica1
MH030055	SouthAmerica1
MH030056	SouthAmerica1
MH030057	SouthAmerica1
MH030058	SouthAmerica1
MH030059	SouthAmerica1
MH030060	SouthAmerica1
MH030061	SouthAmerica1
MH030062	SouthAmerica1
MH030063	SouthAmerica1
MH030064	SouthAmerica1
MH030065	SouthAmerica1
MH030066	SouthAmerica1
MH030067	SouthAmerica1
MH030068	SouthAmerica1
MH030069	SouthAmerica1
MH030070	SouthAmerica1
MH030071	SouthAmerica1
MH030072	SouthAmerica1
MH030073	SouthAmerica1
MH030074	SouthAmerica1
MH030075	SouthAmerica1
MH030076	SouthAmerica1
MH030077	SouthAmerica1
MH030078	SouthAmerica1
MH030079	SouthAmerica1
MH030080	SouthAmerica1
MH030081	SouthAmerica1
MH030082	SouthAmerica1
MH030083	SouthAmerica1
MH030084	SouthAmerica1
MH030085	SouthAmerica1
MH030086	SouthAmerica1
MH030087	SouthAmerica1
MH030088	SouthAmerica1
MH030089	SouthAmerica1
MH030090	SouthAmerica1
MH030091	SouthAmerica1
MH193173	SouthAmerica1
MH193174	SouthAmerica1
MH193175	SouthAmerica1
MH329655	SouthAmerica1
MH378284	SouthAmerica1
MH444794	WestAfrica
MH444795	WestAfrica
MH444796	WestAfrica
MH444797	WestAfrica
MH444798	WestAfrica
MH484423	SouthAmerica1
MH484424	SouthAmerica1
MH484425	SouthAmerica1
MH484426	SouthAmerica1
MH484427	SouthAmerica1
MH484428	SouthAmerica1
MH484429	SouthAmerica1
MH484430	SouthAmerica1
MH484431	SouthAmerica1
MH484432	SouthAmerica1
MH484433	SouthAmerica1
MH484434	SouthAmerica1
MH560359	SouthAmerica1
MH633684	EastAfrica
MH633685	EastAfrica
MH633686	EastAfrica
MH633687	EastAfrica
MH633688	EastAfrica
MH633689	EastAfrica
MH633690	EastAfrica
MH633691	EastAfrica
MH633692	EastAfrica
MH666056	SouthAmerica1
MH666057	SouthAmerica1
MH666058	SouthAmerica1
MH666059	SouthAmerica1
MH666060	SouthAmerica1
MK060080	WestAfrica
MK089775	SouthAmerica1
MK249065	SouthAmerica1
MK249066	SouthAmerica1
MK292067	WestAfrica
MK333805	SouthAmerica1
MK457700	WestAfrica
MK457701	WestAfrica
MK457703	WestAfrica
MK583147	SouthAmerica1
MK583148	SouthAmerica1
MK583149	SouthAmerica1
MK583150	SouthAmerica1
MK583151	SouthAmerica1
MK583152	SouthAmerica1
MK583153	SouthAmerica1
MK583154	SouthAmerica1
MK583155	SouthAmerica1
MK583156	SouthAmerica1
MK583157	SouthAmerica1
MK583158	SouthAmerica1
MK583159	SouthAmerica1
MK583160	SouthAmerica1
MK583161	SouthAmerica1
MK583162	SouthAmerica1
MK583163	SouthAmerica1
MK583164	SouthAmerica1
MK583165	SouthAmerica1
MK583166	SouthAmerica1
MK583167	SouthAmerica1
MK583168	SouthAmerica1
MK583169	SouthAmerica1
MK583171	SouthAmerica1
MK583172	SouthAmerica1
MK583173	SouthAmerica1
MK583174	SouthAmerica1
MK583175	SouthAmerica1
MK583176	SouthAmerica1
MK583177	SouthAmerica1
MK583178	SouthAmerica1
MK583179	SouthAmerica1
MK583180	SouthAmerica1
MK583181	SouthAmerica1
MK583182	SouthAmerica1
MK760660	SouthAmerica1
MK760661	SouthAmerica1
MK760662	SouthAmerica1
MK760663	SouthAmerica1
MK760664	SouthAmerica1
MK760665	SouthAmerica1
MK760666	SouthAmerica1
MK882599	SouthAmerica1
MK882600	SouthAmerica1
MK882601	SouthAmerica1
MK882602	SouthAmerica1
MK882603	SouthAmerica1
MK882604	SouthAmerica1
MK882605	SouthAmerica1
MK882606	SouthAmerica1
MK882607	SouthAmerica1
MK882608	SouthAmerica1
MK882609	SouthAmerica1
MK882610	SouthAmerica1
MK882611	SouthAmerica1
MK882612	SouthAmerica1
MK882613	SouthAmerica1
MK882614	SouthAmerica1
MK882615	SouthAmerica1
MK882616	SouthAmerica1
MK882617	SouthAmerica1
MK882618	SouthAmerica1
MK882619	SouthAmerica1
MK882620	WestAfrica
MK882621	SouthAmerica1
MN106241	WestAfrica
MN106242	WestAfrica
MN117917	SouthAmerica1
MN211301	WestAfrica
MN211302	WestAfrica
MN211303	WestAfrica
MN211304	WestAfrica
MN211305	WestAfrica
MN211306	WestAfrica
MN211307	WestAfrica
MN211308	WestAfrica
MN211309	WestAfrica
MN211310	WestAfrica
MN211311	WestAfrica
MN506274	SouthAmerica1
MN506281	SouthAmerica1
MN604280	SouthAmerica1
MN604281	SouthAmerica1
MN604282	SouthAmerica1
MN604283	SouthAmerica1
MN604284	SouthAmerica1
MN604285	SouthAmerica1
MN604286	SouthAmerica1
MN604287	SouthAmerica1
MN643083	SouthAmerica1
MN643085	SouthAmerica1
MN708488	WestAfrica
MN708489	WestAfrica
MN708490	WestAfrica
MN708491	WestAfrica
MN708492	WestAfrica
MN708493	WestAfrica
MN708494	WestAfrica
MN708495	WestAfrica
MN708496	WestAfrica
MN708497	WestAfrica
MN737509	WestAfrica
MN958078	WestAfrica
MT107250	WestAfrica
MT497520	SouthAmerica1
MT497521	SouthAmerica1
MT497522	SouthAmerica1
MT497523	SouthAmerica1
MT497524	SouthAmerica1
MT497525	SouthAmerica1
MT840700	WestAfrica
MT840701	WestAfrica
MT840702	WestAfrica
MT956628	WestAfrica
MT956629	WestAfrica
MT956630	WestAfrica
MW034590	SouthAmerica1
MW158338	-
MW158339	-
MW158340	-
MW158341	SouthAmerica1
MW158342	SouthAmerica1
MW158343	SouthAmerica1
MW158344	SouthAmerica1
MW158345	SouthAmerica1
MW158346	SouthAmerica1
MW158347	SouthAmerica1
MW158348	SouthAmerica1
MW158349	SouthAmerica1
MW158350	SouthAmerica1
MW158351	SouthAmerica1
MW158352	SouthAmerica1
MW158353	SouthAmerica1
MW158354	SouthAmerica1
MW158355	SouthAmerica1
MW158356	SouthAmerica1
MW158357	SouthAmerica1
MW158358	WestAfrica
MW158359	SouthAmerica2
MW158360	WestAfrica
MW158361	SouthAmerica2
MW158362	WestAfrica
MW158363	WestAfrica
MW158364	SouthAmerica1
MW158365	SouthAmerica1
MW158366	SouthAmerica1
MW158367	SouthAmerica1
MW249074	WestAfrica
MW249075	WestAfrica
MW249076	WestAfrica
MW249077	WestAfrica
MW249078	WestAfrica
MW249079	WestAfrica
MW249080	WestAfrica
MW249081	WestAfrica
MW249082	WestAfrica
MW249083	WestAfrica
MW249084	WestAfrica
MW249085	WestAfrica
MW249086	WestAfrica
MW249087	WestAfrica
MW249088	WestAfrica
MW249089	WestAfrica
MW249090	WestAfrica
MW249091	WestAfrica
MW249092	WestAfrica
MW249093	WestAfrica
MW249094	WestAfrica
MW249095	WestAfrica
MW308134	SouthAmerica1
MW308135	SouthAmerica1
MW960207	EastAfrica
MZ285906	WestAfrica
MZ595182	WestAfrica
MZ595183	WestAfrica
MZ595184	WestAfrica
MZ595185	WestAfrica
MZ595186	WestAfrica
MZ595187	WestAfrica
MZ595188	WestAfrica
MZ595189	WestAfrica
MZ595190	WestAfrica
MZ595191	WestAfrica
MZ595192	WestAfrica
MZ595193	WestAfrica
MZ595194	WestAfrica
MZ595195	WestAfrica
MZ595196	WestAfrica
MZ595197	WestAfrica
MZ595198	WestAfrica
MZ595199	WestAfrica
MZ595203	WestAfrica
MZ595204	WestAfrica
MZ604838	SouthAmerica1
MZ604839	SouthAmerica1
MZ604840	SouthAmerica1
MZ604841	SouthAmerica1
MZ604842	SouthAmerica1
MZ604843	SouthAmerica1
MZ604844	SouthAmerica1
MZ604845	SouthAmerica1
MZ604846	SouthAmerica1
MZ604847	SouthAmerica1
MZ604848	SouthAmerica1
MZ604849	SouthAmerica1
MZ604850	SouthAmerica1
MZ604851	SouthAmerica1
MZ604852	SouthAmerica1
MZ604853	SouthAmerica1
MZ604854	SouthAmerica1
MZ604855	SouthAmerica1
MZ604856	SouthAmerica1
MZ604857	SouthAmerica1
MZ604858	SouthAmerica1
MZ604859	SouthAmerica1
MZ604860	SouthAmerica1
MZ604861	SouthAmerica1
MZ604862	SouthAmerica1
MZ604863	SouthAmerica1
MZ604864	SouthAmerica1
MZ604865	SouthAmerica1
MZ604866	SouthAmerica1
MZ604867	SouthAmerica1
MZ604868	SouthAmerica1
MZ604869	SouthAmerica1
MZ604870	SouthAmerica1
MZ604871	SouthAmerica1
MZ604872	SouthAmerica1
MZ604873	SouthAmerica1
MZ604874	SouthAmerica1
MZ604875	SouthAmerica1
MZ604876	SouthAmerica1
MZ712127	SouthAmerica1
MZ712128	SouthAmerica1
MZ712129	SouthAmerica1
MZ712130	SouthAmerica1
MZ712131	SouthAmerica1
MZ712132	SouthAmerica1
MZ712133	SouthAmerica1
MZ712134	SouthAmerica1
MZ712135	SouthAmerica1
MZ712136	SouthAmerica1
MZ712137	SouthAmerica1
MZ712138	SouthAmerica1
MZ712139	SouthAmerica1
MZ712140	SouthAmerica1
MZ712141	SouthAmerica1
MZ712142	SouthAmerica1
MZ712143	SouthAmerica1
MZ712144	SouthAmerica1
MZ712145	SouthAmerica1
MZ712146	SouthAmerica1
MZ712147	SouthAmerica1
MZ712148	SouthAmerica1
MZ712149	SouthAmerica1
OF120366	WestAfrica
OF120367	WestAfrica
OF120368	WestAfrica
OF120369	WestAfrica
OF120370	WestAfrica
OF120371	WestAfrica
OF120372	WestAfrica
OF120373	WestAfrica
OK573009	WestAfrica
OL519587	SouthAmerica1
OL519588	SouthAmerica1
OL519589	SouthAmerica1
OM066735	WestAfrica
OM066736	WestAfrica
OM066737	WestAfrica
OM938988	WestAfrica
OM938989	WestAfrica
OM938990	WestAfrica
ON022238	SouthAmerica1
ON022239	SouthAmerica1
ON022240	SouthAmerica1
ON022241	SouthAmerica1
ON022242	SouthAmerica1
ON022243	SouthAmerica1
ON022244	SouthAmerica1
ON022245	SouthAmerica1
ON022246	SouthAmerica1
ON022247	SouthAmerica1
ON022248	SouthAmerica1
ON022249	SouthAmerica1
ON022250	SouthAmerica1
ON022251	SouthAmerica1
ON022252	SouthAmerica1
ON022253	SouthAmerica1
ON022254	SouthAmerica1
ON022255	SouthAmerica1
ON022256	SouthAmerica1
ON022257	SouthAmerica1
ON022258	SouthAmerica1
ON022259	SouthAmerica1
ON022260	SouthAmerica1
ON022261	SouthAmerica1
ON022262	SouthAmerica1
ON022263	SouthAmerica1
ON022264	SouthAmerica1
ON022265	SouthAmerica1
ON022266	SouthAmerica1
ON022267	SouthAmerica1
ON022268	SouthAmerica1
ON022269	SouthAmerica1
ON022270	SouthAmerica1
ON022271	SouthAmerica1
ON022272	SouthAmerica1
ON022273	SouthAmerica1
ON022274	SouthAmerica1
ON022275	SouthAmerica1
ON022276	SouthAmerica1
ON022277	SouthAmerica1
ON022278	SouthAmerica1
ON022279	SouthAmerica1
ON022280	SouthAmerica1
ON022281	SouthAmerica1
ON022282	SouthAmerica1
ON022283	SouthAmerica1
ON022284	SouthAmerica1
ON022285	SouthAmerica1
ON022286	SouthAmerica1
ON022287	SouthAmerica1
ON022288	SouthAmerica1
ON022289	SouthAmerica1
ON022290	SouthAmerica1
ON022291	SouthAmerica1
ON022292	SouthAmerica1
ON022293	SouthAmerica1
ON022294	SouthAmerica1
ON022295	SouthAmerica1
ON022296	SouthAmerica1
ON022297	SouthAmerica1
ON022298	SouthAmerica1
ON022299	SouthAmerica1
ON022300	SouthAmerica1
ON022301	SouthAmerica1
ON022302	SouthAmerica1
ON022303	SouthAmerica1
ON022304	SouthAmerica1
ON022305	SouthAmerica1
ON022306	SouthAmerica1
ON022307	SouthAmerica1
ON022308	SouthAmerica1
ON022309	SouthAmerica1
ON022310	SouthAmerica1
ON022311	SouthAmerica1
ON022312	SouthAmerica1
ON022313	SouthAmerica1
ON022314	SouthAmerica1
ON022315	SouthAmerica1
ON022316	SouthAmerica1
ON022317	SouthAmerica1
ON022318	SouthAmerica1
ON022319	SouthAmerica1
ON022320	SouthAmerica1
ON022321	SouthAmerica1
ON022322	SouthAmerica1
ON022323	SouthAmerica1
ON022324	SouthAmerica1
ON022325	SouthAmerica1
ON022326	SouthAmerica1
ON022327	SouthAmerica1
ON022328	SouthAmerica1
ON022329	SouthAmerica1
ON022330	SouthAmerica1
ON022331	SouthAmerica1
ON022332	SouthAmerica1
ON022333	SouthAmerica1
ON022334	SouthAmerica1
ON022335	SouthAmerica1
ON022336	SouthAmerica1
ON022337	SouthAmerica1
ON022338	SouthAmerica1
ON022339	SouthAmerica1
ON022340	SouthAmerica1
ON022341	SouthAmerica1
ON022342	SouthAmerica1
ON022343	SouthAmerica1
ON022344	SouthAmerica1
ON022345	SouthAmerica1
ON022346	SouthAmerica1
ON022347	SouthAmerica1
ON022348	SouthAmerica1
ON022349	SouthAmerica1
ON022350	SouthAmerica1
ON022351	SouthAmerica1
ON022352	SouthAmerica1
ON022353	SouthAmerica1
ON022354	SouthAmerica1
ON022355	SouthAmerica1
ON022356	SouthAmerica1
ON022357	SouthAmerica1
ON022358	SouthAmerica1
ON022359	SouthAmerica1
ON022360	SouthAmerica1
ON022361	SouthAmerica1
ON022362	SouthAmerica1
ON022363	SouthAmerica1
ON022364	SouthAmerica1
ON022365	SouthAmerica1
ON022366	SouthAmerica1
ON022367	SouthAmerica1
ON022368	SouthAmerica1
ON022369	SouthAmerica1
ON022370	SouthAmerica1
ON022371	SouthAmerica1
ON022372	SouthAmerica1
ON022373	SouthAmerica1
ON022374	SouthAmerica1
ON022375	SouthAmerica1
ON022376	SouthAmerica1
ON022377	SouthAmerica1
ON022378	SouthAmerica1
ON022379	SouthAmerica1
ON022380	SouthAmerica1
ON022381	SouthAmerica1
ON022382	SouthAmerica1
ON022383	SouthAmerica1
ON022384	SouthAmerica1
ON022385	SouthAmerica1
ON022386	SouthAmerica1
ON022387	SouthAmerica1
ON022388	SouthAmerica1
ON022389	SouthAmerica1
ON022390	SouthAmerica1
ON022391	SouthAmerica1
ON022392	SouthAmerica1
ON022393	SouthAmerica1
ON022394	SouthAmerica1
ON022395	SouthAmerica1
ON022396	SouthAmerica1
ON022397	SouthAmerica1
ON022398	SouthAmerica1
ON022399	SouthAmerica1
ON022400	SouthAmerica1
ON022401	SouthAmerica1
ON022402	SouthAmerica1
ON022403	SouthAmerica1
ON022404	SouthAmerica1
ON022405	SouthAmerica1
ON022406	SouthAmerica1
ON022407	SouthAmerica1
ON022408	SouthAmerica1
ON022409	SouthAmerica1
ON022410	SouthAmerica1
ON022411	SouthAmerica1
ON022412	SouthAmerica1
ON022413	SouthAmerica1
ON022414	SouthAmerica1
ON022415	SouthAmerica1
ON022416	SouthAmerica1
ON022417	SouthAmerica1
ON022418	SouthAmerica1
ON022419	SouthAmerica1
ON022420	SouthAmerica1
ON022421	SouthAmerica1
ON022422	SouthAmerica1
ON022423	SouthAmerica1
ON022424	SouthAmerica1
ON022425	SouthAmerica1
ON022426	SouthAmerica1
ON022427	SouthAmerica1
ON022428	SouthAmerica1
ON022429	SouthAmerica1
ON022430	SouthAmerica1
ON022431	SouthAmerica1
ON022432	SouthAmerica1
ON022433	SouthAmerica1
ON022434	SouthAmerica1
ON022435	SouthAmerica1
ON022436	SouthAmerica1
ON022437	SouthAmerica1
ON022438	SouthAmerica1
ON022439	SouthAmerica1
ON022440	SouthAmerica1
ON022441	SouthAmerica1
ON022442	SouthAmerica1
ON022443	SouthAmerica1
ON022444	SouthAmerica1
ON022445	SouthAmerica1
ON022446	SouthAmerica1
ON022447	SouthAmerica1
ON022448	SouthAmerica1
ON022449	SouthAmerica1
ON022450	SouthAmerica1
ON022451	SouthAmerica1
ON022452	SouthAmerica1
ON022453	SouthAmerica1
ON022454	SouthAmerica1
ON022455	SouthAmerica1
ON022456	SouthAmerica1
ON022457	SouthAmerica1
ON022458	SouthAmerica1
ON022459	SouthAmerica1
ON022460	SouthAmerica1
ON022461	SouthAmerica1
ON022462	SouthAmerica1
ON022463	SouthAmerica1
ON022464	SouthAmerica1
ON022465	SouthAmerica1
ON022466	SouthAmerica1
ON022467	SouthAmerica1
ON022468	SouthAmerica1
ON022469	SouthAmerica1
ON022470	SouthAmerica1
ON022471	SouthAmerica1
ON022472	SouthAmerica1
ON022473	SouthAmerica1
ON022474	SouthAmerica1
ON022475	SouthAmerica1
ON022476	SouthAmerica1
ON022477	SouthAmerica1
ON022478	SouthAmerica1
ON022479	SouthAmerica1
ON022480	SouthAmerica1
ON022481	SouthAmerica1
ON022482	SouthAmerica1
ON022483	SouthAmerica1
ON022484	SouthAmerica1
ON022485	SouthAmerica1
ON022486	SouthAmerica1
ON022487	SouthAmerica1
ON022488	SouthAmerica1
ON022489	SouthAmerica1
ON022490	SouthAmerica1
ON022491	SouthAmerica1
ON022492	SouthAmerica1
ON022493	SouthAmerica1
ON022494	SouthAmerica1
ON022495	SouthAmerica1
ON022496	SouthAmerica1
ON022497	SouthAmerica1
ON022498	SouthAmerica1
ON022499	SouthAmerica1
ON022500	SouthAmerica1
ON022501	SouthAmerica1
ON022502	SouthAmerica1
ON022503	SouthAmerica1
ON022504	SouthAmerica1
ON022505	SouthAmerica1
ON022506	SouthAmerica1
ON022507	SouthAmerica1
ON022508	SouthAmerica1
ON022509	SouthAmerica1
ON022510	SouthAmerica1
ON022511	SouthAmerica1
ON022512	SouthAmerica1
ON022513	SouthAmerica1
ON022514	SouthAmerica1
ON022515	SouthAmerica1
ON022516	SouthAmerica1
ON022517	SouthAmerica1
ON022518	SouthAmerica1
ON022519	SouthAmerica1
ON022520	SouthAmerica1
ON022521	SouthAmerica1
ON022522	SouthAmerica1
ON022523	SouthAmerica1
ON022524	SouthAmerica1
ON022525	SouthAmerica1
ON022526	SouthAmerica1
ON022527	SouthAmerica1
ON022528	SouthAmerica1
ON022529	SouthAmerica1
ON022530	SouthAmerica1
ON022531	SouthAmerica1
ON022532	SouthAmerica1
ON022533	SouthAmerica1
ON022534	SouthAmerica1
ON022535	SouthAmerica1
ON022536	SouthAmerica1
ON022537	SouthAmerica1
ON022538	SouthAmerica1
ON022539	SouthAmerica1
ON022540	SouthAmerica1
ON022541	SouthAmerica1
ON022542	SouthAmerica1
ON022543	SouthAmerica1
ON022544	SouthAmerica1
ON022545	SouthAmerica1
ON022546	SouthAmerica1
ON022547	SouthAmerica1
ON022548	SouthAmerica1
ON022549	SouthAmerica1
ON022550	SouthAmerica1
ON022551	SouthAmerica1
ON022552	SouthAmerica1
ON022553	SouthAmerica1
ON022554	SouthAmerica1
ON022555	SouthAmerica1
ON022556	SouthAmerica1
ON022557	SouthAmerica1
ON022558	SouthAmerica1
ON022559	SouthAmerica1
ON022560	SouthAmerica1
ON022561	SouthAmerica1
ON022562	SouthAmerica1
ON022563	SouthAmerica1
ON022564	SouthAmerica1
ON022565	SouthAmerica1
ON022566	SouthAmerica1
ON022567	SouthAmerica1
ON022568	SouthAmerica1
ON022569	SouthAmerica1
ON022570	SouthAmerica1
ON022571	SouthAmerica1
ON022572	SouthAmerica1
ON022573	SouthAmerica1
ON022574	SouthAmerica1
ON022575	SouthAmerica1
ON022576	SouthAmerica1
ON022577	SouthAmerica1
ON022578	SouthAmerica1
ON022579	SouthAmerica1
ON022580	SouthAmerica1
ON022581	SouthAmerica1
ON022582	SouthAmerica1
ON022583	SouthAmerica1
ON022584	SouthAmerica1
ON022585	SouthAmerica1
ON022586	SouthAmerica1
ON022587	SouthAmerica1
ON022588	SouthAmerica1
ON022589	SouthAmerica1
ON022590	SouthAmerica1
ON022591	SouthAmerica1
ON022592	SouthAmerica1
ON022593	SouthAmerica1
ON022594	SouthAmerica1
ON022595	SouthAmerica1
ON022596	SouthAmerica1
ON022597	SouthAmerica1
ON022598	SouthAmerica1
ON022599	SouthAmerica1
ON022600	SouthAmerica1
ON022601	SouthAmerica1
ON022602	SouthAmerica1
ON022603	SouthAmerica1
ON022604	SouthAmerica1
ON022605	SouthAmerica1
ON022606	SouthAmerica1
ON022607	SouthAmerica1
ON022608	SouthAmerica1
ON022609	SouthAmerica1
ON022610	SouthAmerica1
ON022611	SouthAmerica1
ON022612	SouthAmerica1
ON022613	SouthAmerica1
ON022614	SouthAmerica1
ON022615	SouthAmerica1
ON022616	SouthAmerica1
ON022617	SouthAmerica1
ON022618	SouthAmerica1
ON022619	SouthAmerica1
ON022620	SouthAmerica1
ON022621	SouthAmerica1
ON022622	SouthAmerica1
ON022623	SouthAmerica1
ON022624	SouthAmerica1
ON022625	SouthAmerica1
ON022626	SouthAmerica1
ON022627	SouthAmerica1
ON022628	SouthAmerica1
ON022629	SouthAmerica1
ON022630	SouthAmerica1
ON022631	SouthAmerica1
ON022632	SouthAmerica1
ON022633	SouthAmerica1
ON022634	SouthAmerica1
ON022635	SouthAmerica1
ON022636	SouthAmerica1
ON022637	SouthAmerica1
ON022638	SouthAmerica1
ON022639	SouthAmerica1
ON022640	SouthAmerica1
ON022641	SouthAmerica1
ON022642	SouthAmerica1
ON022643	SouthAmerica1
ON022644	SouthAmerica1
ON022645	SouthAmerica1
ON022646	SouthAmerica1
ON022647	SouthAmerica1
ON022648	SouthAmerica1
ON022649	SouthAmerica1
ON022650	SouthAmerica1
ON022651	SouthAmerica1
ON022652	SouthAmerica1
ON022653	SouthAmerica1
ON022654	SouthAmerica1
ON022655	SouthAmerica1
ON022656	SouthAmerica1
ON022657	SouthAmerica1
ON022658	SouthAmerica1
ON022659	SouthAmerica1
ON022660	SouthAmerica1
ON022661	SouthAmerica1
ON022662	SouthAmerica1
ON022663	SouthAmerica1
ON022664	SouthAmerica1
ON022665	SouthAmerica1
ON022666	SouthAmerica1
ON022667	SouthAmerica1
ON022668	SouthAmerica1
ON022669	SouthAmerica1
ON022670	SouthAmerica1
ON022671	SouthAmerica1
ON022672	SouthAmerica1
ON022673	SouthAmerica1
ON022674	SouthAmerica1
ON022675	SouthAmerica1
ON022676	SouthAmerica1
ON022677	SouthAmerica1
ON022678	SouthAmerica1
ON022679	SouthAmerica1
ON022680	SouthAmerica1
ON022681	SouthAmerica1
ON022682	SouthAmerica1
ON022683	SouthAmerica1
ON022684	SouthAmerica1
ON022685	SouthAmerica1
ON022686	SouthAmerica1
ON022687	SouthAmerica1
ON022688	SouthAmerica1
ON022689	SouthAmerica1
ON022690	SouthAmerica1
ON022691	SouthAmerica1
ON022692	SouthAmerica1
ON022693	SouthAmerica1
ON022694	SouthAmerica1
ON022695	SouthAmerica1
ON022696	SouthAmerica1
ON022697	SouthAmerica1
ON022698	SouthAmerica1
ON022699	SouthAmerica1
ON022700	SouthAmerica1
ON022701	SouthAmerica1
ON022702	SouthAmerica1
ON022703	SouthAmerica1
ON022704	SouthAmerica1
ON022705	SouthAmerica1
ON022706	SouthAmerica1
ON022707	SouthAmerica1
ON022708	SouthAmerica1
ON022709	SouthAmerica1
ON022710	SouthAmerica1
ON022711	SouthAmerica1
ON022712	SouthAmerica1
ON022713	SouthAmerica1
ON022714	SouthAmerica1
ON022715	SouthAmerica1
ON022716	SouthAmerica1
ON022717	SouthAmerica1
ON022718	SouthAmerica1
ON022719	SouthAmerica1
ON022720	SouthAmerica1
ON022721	SouthAmerica1
ON022722	SouthAmerica1
ON022723	SouthAmerica1
ON022724	SouthAmerica1
ON022725	SouthAmerica1
ON022726	SouthAmerica1
ON022727	SouthAmerica1
ON022728	SouthAmerica1
ON022729	SouthAmerica1
ON022730	SouthAmerica1
ON022731	SouthAmerica1
ON022732	SouthAmerica1
ON022733	SouthAmerica1
ON022734	SouthAmerica1
ON022735	SouthAmerica1
ON022736	SouthAmerica1
ON022737	SouthAmerica1
ON022738	SouthAmerica1
ON022739	SouthAmerica1
ON022740	SouthAmerica1
ON022741	SouthAmerica1
ON022742	SouthAmerica1
ON022743	SouthAmerica1
ON022744	SouthAmerica1
ON022745	SouthAmerica1
ON022746	SouthAmerica1
ON323052	WestAfrica
ON323053	WestAfrica
ON323054	WestAfrica
ON402371	WestAfrica
ON502389	SouthAmerica1
ON502390	SouthAmerica1
ON502391	SouthAmerica1
ON502392	SouthAmerica1
ON502393	SouthAmerica1
ON502394	SouthAmerica1
ON502395	SouthAmerica1
ON502396	SouthAmerica1
ON502397	SouthAmerica1
ON502398	SouthAmerica1
ON502399	SouthAmerica1
ON502400	SouthAmerica1
ON502401	SouthAmerica1
ON502402	SouthAmerica1
ON502403	SouthAmerica1
ON502404	SouthAmerica1
ON502405	SouthAmerica1
ON502406	SouthAmerica1
ON502407	SouthAmerica1
ON502408	SouthAmerica1
ON502409	SouthAmerica1
ON502410	SouthAmerica1
ON502411	SouthAmerica1
ON502412	SouthAmerica1
ON502413	SouthAmerica1
ON502414	SouthAmerica1
ON502415	SouthAmerica1
ON502416	SouthAmerica1
ON502417	SouthAmerica1
ON502418	SouthAmerica1
ON502419	SouthAmerica1
ON502420	SouthAmerica1
ON502421	SouthAmerica1
ON502423	SouthAmerica1
ON502424	SouthAmerica1
ON502425	SouthAmerica1
ON502426	SouthAmerica1
ON502427	SouthAmerica1
ON502428	SouthAmerica1
ON502429	SouthAmerica1
ON502430	SouthAmerica1
ON502431	SouthAmerica1
ON502432	SouthAmerica1
ON502433	SouthAmerica1
ON502434	SouthAmerica1
ON502435	SouthAmerica1
ON502436	SouthAmerica1
ON502437	SouthAmerica1
ON502438	SouthAmerica1
ON502439	SouthAmerica1
ON502440	SouthAmerica1
ON502441	SouthAmerica1
ON502442	SouthAmerica1
OP508570	SouthAmerica1
OP508571	SouthAmerica1
OP508572	SouthAmerica1
OP508573	SouthAmerica1
OP508574	SouthAmerica1
OP508575	SouthAmerica1
OP508576	SouthAmerica1
OP508577	SouthAmerica1
OP508578	SouthAmerica1
OP508579	SouthAmerica1
OP508580	SouthAmerica1
OP508581	SouthAmerica1
OP508582	SouthAmerica1
OP508583	SouthAmerica1
OP508584	SouthAmerica1
OP508585	SouthAmerica1
OP508586	SouthAmerica1
OP508587	SouthAmerica1
OP508588	SouthAmerica1
OP508589	SouthAmerica1
OP508590	SouthAmerica1
OP508591	SouthAmerica1
OP508592	SouthAmerica1
OP508593	SouthAmerica1
OP508594	SouthAmerica1
OP508595	SouthAmerica1
OP508596	SouthAmerica1
OP508597	SouthAmerica1
OP508598	SouthAmerica1
OP508599	SouthAmerica1
OP508600	SouthAmerica1
OP508601	SouthAmerica1
OP508602	SouthAmerica1
OP508603	SouthAmerica1
OP508604	SouthAmerica1
OP508605	SouthAmerica1
OP508606	SouthAmerica1
OP508607	SouthAmerica1
OP508608	SouthAmerica1
OP508609	SouthAmerica1
OP508610	SouthAmerica1
OP508611	SouthAmerica1
OP508612	SouthAmerica1
OP508613	SouthAmerica1
OP508614	SouthAmerica1
OP508615	SouthAmerica1
OP508616	SouthAmerica1
OP508617	SouthAmerica1
OP508618	SouthAmerica1
OP508619	SouthAmerica1
OP508620	SouthAmerica1
OP508621	SouthAmerica1
OP508622	SouthAmerica1
OP508623	SouthAmerica1
OP508624	SouthAmerica1
OP508625	SouthAmerica1
OP508626	SouthAmerica1
OP508627	SouthAmerica1
OP508628	SouthAmerica1
OP508629	SouthAmerica1
OP508630	SouthAmerica1
OP508631	SouthAmerica1
OP508632	SouthAmerica1
OP508633	SouthAmerica1
OP508634	SouthAmerica1
OP508635	SouthAmerica1
OP508636	SouthAmerica1
OP508637	SouthAmerica1
OP508638	SouthAmerica1
OP508639	SouthAmerica1
OP508640	SouthAmerica1
OP508641	SouthAmerica1
OP508642	SouthAmerica1
OP508643	SouthAmerica1
OP508644	SouthAmerica1
OP508645	SouthAmerica1
OP508646	SouthAmerica1
OP508647	SouthAmerica1
OP508648	SouthAmerica1
OP508649	SouthAmerica1
OP508650	SouthAmerica1
OP508651	SouthAmerica1
OP508652	SouthAmerica1
OP508653	SouthAmerica1
OP508654	SouthAmerica1
OP508655	SouthAmerica1
OP508656	SouthAmerica1
OP508657	SouthAmerica1
OP508658	SouthAmerica1
OP508659	SouthAmerica1
OP508660	SouthAmerica1
OP508661	SouthAmerica1
OP508662	SouthAmerica1
OP508663	SouthAmerica1
OP508664	SouthAmerica1
OP508665	SouthAmerica1
OP508666	SouthAmerica1
OP508667	SouthAmerica1
OP508668	SouthAmerica1
OP508669	SouthAmerica1
OP508670	SouthAmerica1
OP508671	SouthAmerica1
OP508672	SouthAmerica1
OP508673	SouthAmerica1
OP508674	SouthAmerica1
OP508675	SouthAmerica1
OP508676	SouthAmerica1
OP508677	SouthAmerica1
OP508678	SouthAmerica1
OP508679	SouthAmerica1
OP508680	SouthAmerica1
OP508681	SouthAmerica1
OP508682	SouthAmerica1
OP508683	SouthAmerica1
OP508684	SouthAmerica1
OP508685	SouthAmerica1
OP508686	SouthAmerica1
OP508687	SouthAmerica1
OP508688	SouthAmerica1
OP508689	SouthAmerica1
OP508690	SouthAmerica1
OP508691	SouthAmerica1
OP508692	SouthAmerica1
OP508693	SouthAmerica1
OP508694	SouthAmerica1
OP508695	SouthAmerica1
OP508696	SouthAmerica1
OP508697	SouthAmerica1
OP508698	SouthAmerica1
OP508699	SouthAmerica1
OP508700	SouthAmerica1
OP508701	SouthAmerica1
OP508702	SouthAmerica1
OP508703	SouthAmerica1
OP508704	SouthAmerica1
OP508705	SouthAmerica1
OP508706	SouthAmerica1
OP508707	SouthAmerica1
OP508708	SouthAmerica1
OP508709	SouthAmerica1
OP508710	SouthAmerica1
OP508711	SouthAmerica1
OP508712	SouthAmerica1
OP508713	SouthAmerica1
OP508714	SouthAmerica1
OP508715	SouthAmerica1
OP508716	SouthAmerica1
OP796361	WestAfrica
OQ077983	EastAfrica
OQ572695	SouthAmerica1
OQ572696	SouthAmerica1
OQ675592	SouthAmerica1
OQ932914	SouthAmerica1
OQ932915	SouthAmerica1
OR052147	SouthAmerica1
OR075001	WestAfrica
OR075002	WestAfrica
U17066	WestAfrica
U17067	WestAfrica
U21055	WestAfrica
U21056	WestAfrica
X03700	WestAfrica
X15062	WestAfrica
AF013417	SouthAmerica1
AF052440	WestAfrica
AF052441	WestAfrica
AF052442	WestAfrica
AF052443	WestAfrica
AF052447	WestAfrica
AF052448	WestAfrica
AF121952	SouthAmerica1
AF162449	-
AF162450	-
AF162451	SouthAmerica2
AF162452	SouthAmerica2
AF312554	-
AF369669	EastAfrica
AF369670	WestAfrica
AF369671	WestAfrica
AF369672	EastAfrica
AF369673	EastAfrica
AF369674	EastAfrica
AF369675	EastAfrica
AF369676	-
AF369677	WestAfrica
AF369678	WestAfrica
AF369679	WestAfrica
AF369680	WestAfrica
AF369681	WestAfrica
AF369682	WestAfrica
AF369683	WestAfrica
AF369684	WestAfrica
AF369685	WestAfrica
AF369686	WestAfrica
AF369687	WestAfrica
AF369688	WestAfrica
AF369689	WestAfrica
AF369690	WestAfrica
AF369691	WestAfrica
AF369692	EastAfrica
AF369693	EastAfrica
AF369694	EastAfrica
AF369695	EastAfrica
AF369696	EastAfrica
AF369697	EastAfrica
AH005112	WestAfrica
AY161927	SouthAmerica2
AY161928	SouthAmerica2
AY161929	SouthAmerica2
AY161930	SouthAmerica2
AY161931	SouthAmerica2
AY161932	SouthAmerica2
AY161933	SouthAmerica2
AY161934	SouthAmerica2
AY161935	SouthAmerica2
AY161936	-
AY161937	-
AY161938	SouthAmerica2
AY161939	SouthAmerica2
AY161940	SouthAmerica2
AY161941	SouthAmerica2
AY161942	SouthAmerica2
AY161943	SouthAmerica2
AY161944	SouthAmerica2
AY161945	SouthAmerica2
AY161946	SouthAmerica2
AY161947	SouthAmerica2
AY161948	SouthAmerica2
AY161949	SouthAmerica2
AY161950	SouthAmerica2
AY161951	SouthAmerica2
AY326416	-
AY326418	-
AY359907	WestAfrica
AY359908	WestAfrica
AY359909	WestAfrica
AY437135	SouthAmerica1
AY495558	WestAfrica
AY495559	WestAfrica
AY495560	WestAfrica
AY495561	WestAfrica
AY495562	WestAfrica
AY495563	WestAfrica
AY495564	WestAfrica
AY495565	WestAfrica
AY495566	WestAfrica
AY495567	WestAfrica
AY495568	WestAfrica
AY495569	WestAfrica
AY495570	WestAfrica
AY495571	WestAfrica
AY495572	WestAfrica
AY495573	WestAfrica
AY495574	WestAfrica
AY498854	-
AY502949	WestAfrica
AY540431	SouthAmerica2
AY540432	SouthAmerica2
AY540433	SouthAmerica2
AY540434	SouthAmerica2
AY540435	SouthAmerica2
AY540436	SouthAmerica1
AY540437	-
AY540438	-
AY540439	-
AY540440	-
AY540441	-
AY540442	-
AY540443	-
AY540444	SouthAmerica1
AY540445	-
AY540446	SouthAmerica2
AY540447	-
AY540448	-
AY540449	SouthAmerica1
AY540450	SouthAmerica1
AY540451	SouthAmerica1
AY540452	SouthAmerica1
AY540453	SouthAmerica1
AY540454	SouthAmerica1
AY540455	SouthAmerica1
AY540456	SouthAmerica1
AY540457	SouthAmerica2
AY540458	SouthAmerica1
AY540459	SouthAmerica1
AY540460	SouthAmerica1
AY540461	SouthAmerica1
AY540462	SouthAmerica1
AY540463	SouthAmerica1
AY540464	SouthAmerica1
AY540465	SouthAmerica1
AY540466	SouthAmerica1
AY540467	SouthAmerica1
AY540468	SouthAmerica1
AY540469	SouthAmerica1
AY540470	SouthAmerica1
AY540471	SouthAmerica1
AY540472	SouthAmerica1
AY540473	SouthAmerica1
AY540474	SouthAmerica1
AY540475	SouthAmerica1
AY540476	SouthAmerica1
AY540477	SouthAmerica1
AY540478	SouthAmerica2
AY540479	SouthAmerica1
AY540480	SouthAmerica1
AY540481	SouthAmerica1
AY540482	SouthAmerica1
AY540483	SouthAmerica1
AY540484	SouthAmerica1
AY540485	SouthAmerica1
AY540486	SouthAmerica1
AY540487	SouthAmerica1
AY540488	SouthAmerica1
AY540489	SouthAmerica1
AY540490	SouthAmerica1
AY541326	-
AY541327	SouthAmerica2
AY541328	SouthAmerica1
AY541329	SouthAmerica1
AY541330	SouthAmerica1
AY541331	SouthAmerica1
AY541332	SouthAmerica1
AY541333	-
AY541334	SouthAmerica1
AY541335	SouthAmerica1
AY541336	-
AY541337	-
AY541338	-
AY541339	-
AY541340	-
AY541341	-
AY541342	-
AY541343	SouthAmerica1
AY541344	SouthAmerica1
AY541345	-
AY541346	-
AY541347	SouthAmerica1
AY541348	SouthAmerica1
AY541349	SouthAmerica1
AY541350	SouthAmerica1
AY541351	SouthAmerica1
AY541352	SouthAmerica1
AY541353	-
AY541354	SouthAmerica1
AY541355	SouthAmerica1
AY541356	SouthAmerica1
AY541357	-
AY541358	SouthAmerica1
AY541359	SouthAmerica1
AY541360	SouthAmerica1
AY541361	SouthAmerica1
AY541362	SouthAmerica1
AY541363	SouthAmerica1
AY541364	SouthAmerica1
AY541365	SouthAmerica1
AY541366	SouthAmerica1
AY541367	SouthAmerica1
AY541368	SouthAmerica1
AY541369	SouthAmerica1
AY541370	SouthAmerica1
AY541371	SouthAmerica1
AY541372	SouthAmerica1
AY541373	SouthAmerica1
AY541374	SouthAmerica1
AY541375	SouthAmerica1
AY541376	-
AY541377	-
AY541378	-
AY541379	-
AY541380	-
AY541381	SouthAmerica1
AY541382	-
AY541383	-
AY541384	-
AY541385	SouthAmerica1
AY541386	-
AY541387	-
AY541388	SouthAmerica1
AY541390	SouthAmerica1
AY541391	SouthAmerica1
AY541392	SouthAmerica1
AY541393	-
AY541394	SouthAmerica1
AY541395	SouthAmerica1
AY541396	SouthAmerica1
AY541397	SouthAmerica1
AY541398	SouthAmerica1
AY541399	SouthAmerica1
AY541400	SouthAmerica1
AY541401	SouthAmerica1
AY541402	WestAfrica
AY541403	SouthAmerica1
AY541404	SouthAmerica1
AY541405	SouthAmerica1
AY541406	-
AY541407	EastAfrica
AY541408	-
AY541409	WestAfrica
AY541410	WestAfrica
AY541411	WestAfrica
AY541412	-
AY541413	-
AY541414	SouthAmerica2
AY541415	SouthAmerica2
AY541416	-
AY541417	-
AY541418	SouthAmerica2
AY541419	-
AY541420	SouthAmerica2
AY541421	-
AY541422	-
AY541423	-
AY541424	SouthAmerica2
AY541425	-
AY541426	-
AY541427	SouthAmerica2
AY541428	SouthAmerica2
AY541429	-
AY541430	SouthAmerica2
AY541431	SouthAmerica2
AY541432	SouthAmerica2
AY541433	-
AY541434	SouthAmerica2
AY541435	-
AY541436	SouthAmerica1
AY541437	-
AY541438	-
AY541439	SouthAmerica1
AY541440	EastAfrica
AY541441	SouthAmerica1
AY541442	SouthAmerica1
AY541443	-
AY541444	-
AY541445	EastAfrica
AY566272	-
AY690831	-
AY690832	-
AY690833	-
AY839631	EastAfrica
AY839632	WestAfrica
AY839633	EastAfrica
AY839634	EastAfrica
AY839635	WestAfrica
AY839636	EastAfrica
AY960137	WestAfrica
AY960138	WestAfrica
AY960139	WestAfrica
AY960140	EastAfrica
AY960141	-
AY960142	-
AY960143	-
AY960144	-
AY960145	-
AY960146	-
AY960147	-
AY960148	-
CQ753912	-
CQ753913	-
CQ754933	-
CQ754934	-
CQ867053	WestAfrica
CQ871192	WestAfrica
D14458	SouthAmerica2
DI100319	-
DI101079	-
DQ068260	-
DQ068261	-
DQ068262	-
DQ068263	-
DQ068264	-
DQ872411	SouthAmerica1
DQ872412	SouthAmerica2
EU303239	SouthAmerica1
FJ875515	SouthAmerica1
FJ875516	SouthAmerica1
FJ875517	SouthAmerica1
FJ875518	SouthAmerica1
FJ875519	SouthAmerica1
FJ875520	SouthAmerica1
GU073130	WestAfrica
GU073131	WestAfrica
GU073132	WestAfrica
GU073133	WestAfrica
GU073134	WestAfrica
GU073135	WestAfrica
GU073136	WestAfrica
GU073137	WestAfrica
GU073138	WestAfrica
GU073139	WestAfrica
GU073140	WestAfrica
GU073141	WestAfrica
GU073142	WestAfrica
GU073143	WestAfrica
GU073144	WestAfrica
GU073145	WestAfrica
GU073146	WestAfrica
GU073147	WestAfrica
GU073148	WestAfrica
GU073149	WestAfrica
GU073150	WestAfrica
GU073151	WestAfrica
GU073152	WestAfrica
GU073153	WestAfrica
GU073154	WestAfrica
GU073155	WestAfrica
GU073156	WestAfrica
GU073157	WestAfrica
GU073158	WestAfrica
GU073159	WestAfrica
GU073160	WestAfrica
GU073161	WestAfrica
GU073162	WestAfrica
GU073163	WestAfrica
GU073164	WestAfrica
GU073165	WestAfrica
GU073166	WestAfrica
GU951804	-
HM582839	SouthAmerica1
HM582840	SouthAmerica1
HM582841	SouthAmerica1
HM582842	SouthAmerica1
HM582843	SouthAmerica1
HM582844	SouthAmerica2
HM582845	SouthAmerica1
HM582846	SouthAmerica2
HM582847	SouthAmerica2
HM582848	SouthAmerica1
HM582849	SouthAmerica1
HM582850	WestAfrica
HQ123568	SouthAmerica1
HQ123569	SouthAmerica1
HQ123570	SouthAmerica1
HQ123571	SouthAmerica1
HQ123572	SouthAmerica1
HQ123573	SouthAmerica1
HQ123574	SouthAmerica1
HQ123575	SouthAmerica1
HW250534	WestAfrica
JA190478	-
JA190479	-
JB021956	WestAfrica
JB021957	WestAfrica
JB021958	-
JB021959	-
JB021960	-
JB021961	-
JX012097	-
JX012098	EastAfrica
JX012099	EastAfrica
JX012100	EastAfrica
JX012101	EastAfrica
JX012102	EastAfrica
JX012103	EastAfrica
KM031087	-
KM388819	SouthAmerica1
KM388820	SouthAmerica1
KM388821	SouthAmerica1
KM388822	SouthAmerica1
KM388823	SouthAmerica1
KX037022	SouthAmerica1
L02865	WestAfrica
L02866	WestAfrica
L06480	WestAfrica
LG065589	WestAfrica
LP967331	WestAfrica
LQ868217	-
LQ868218	-
LQ868219	-
LQ868220	-
LQ868221	-
LQ868222	-
LQ868223	-
LQ868224	-
LQ868225	-
LQ868226	-
LQ868233	-
LQ868234	-
LQ868235	-
LQ868236	-
LQ868237	-
LQ868238	-
LQ868239	-
LQ868240	-
LQ868241	-
LQ868242	-
LY720048	-
LY720056	-
MA989712	WestAfrica
MF443184	SouthAmerica1
MF443185	SouthAmerica1
MF443186	SouthAmerica1
MF443187	SouthAmerica1
MF580491	SouthAmerica1
MF580492	SouthAmerica1
MF987820	SouthAmerica1
MG757496	-
MG757497	-
MG838679	SouthAmerica1
MG838680	SouthAmerica1
MG838681	SouthAmerica1
MG838682	SouthAmerica1
MG838683	SouthAmerica1
MG838684	SouthAmerica1
MG838685	SouthAmerica1
MG838686	SouthAmerica1
MG838687	SouthAmerica1
MG838688	SouthAmerica1
MH001693	SouthAmerica1
MH001694	SouthAmerica1
MH001695	SouthAmerica1
MH015342	SouthAmerica1
MH015343	SouthAmerica1
MH015344	SouthAmerica1
MK457702	WestAfrica
MQ313559	-
MQ313562	-
MW508339	WestAfrica
MW508340	WestAfrica
MW508341	WestAfrica
MW508342	WestAfrica
MW508343	WestAfrica
MW508344	WestAfrica
OF120381	WestAfrica
OF375887	WestAfrica
OK572994	-
OK572995	-
OK572996	WestAfrica
OK572997	WestAfrica
OK572998	-
ON502422	SouthAmerica1
OP589291	SouthAmerica1
U23565	SouthAmerica2
U23566	SouthAmerica2
U23567	WestAfrica
U23568	WestAfrica
U23569	-
U23570	SouthAmerica1
U23571	EastAfrica
U23572	WestAfrica
U23573	EastAfrica
U23574	WestAfrica
U23575	-
U23576	EastAfrica
U23577	EastAfrica
U23578	EastAfrica
U23579	SouthAmerica1
U23580	SouthAmerica1
U52389	SouthAmerica1
U52391	SouthAmerica1
U52392	EastAfrica
U52394	EastAfrica
U52395	EastAfrica
U52397	-
U52398	SouthAmerica1
U52400	SouthAmerica1
U52401	-
U52402	-
U52403	WestAfrica
U52404	SouthAmerica1
U52406	-
U52408	-
U52409	-
U52410	SouthAmerica2
U52412	-
U52413	WestAfrica
U52414	-
U52415	WestAfrica
U52416	SouthAmerica1
U52418	SouthAmerica1
U52419	SouthAmerica2
U52421	-
U52422	EastAfrica
U52424	EastAfrica
X02807	-